תאריך עסקה,שם בית עסק,"סכום בש""ח",מועד חיוב,סוג עסקה,מזהה כרטיס בארנק דיגילטי,הנחה,הערות
2024-09-20,KUHN'S MCKNIGHT,178.6,2024-09-23,רגילה,,,סכום העסקה הוא 46.1 $ עסקה בחיוב מיידי
2024-09-17,PARKING IN PITTSBURGH,3.88,2024-09-19,רגילה,,,סכום העסקה הוא 1.0 $ עסקה בחיוב מיידי
2024-09-12,RAILWAY,124.77,2024-09-13,רגילה,3926,,סכום העסקה הוא 32.31 $ עסקה בחיוב מיידי
2024-09-11,PARKING IN PITTSBURGH,30.89,2024-09-13,רגילה,,,סכום העסקה הוא 8.0 $ עסקה בחיוב מיידי
2024-09-11,STATION SQ GARAGE,30.52,2024-09-15,רגילה,,,סכום העסקה הוא 8.0 $ עסקה בחיוב מיידי
2024-09-10,MTA*LIRR ETIX TICKET,19.36,2024-09-12,רגילה,5815,,סכום העסקה הוא 5.0 $ עסקה בחיוב מיידי
2024-09-09,Google One,8.0,2024-10-02,רגילה,,,
2024-09-09,MTA*NYCT PAYGO,11.23,2024-09-12,רגילה,5815,,סכום העסקה הוא 2.9 $ עסקה בחיוב מיידי
2024-09-09,MTA*NYCT PAYGO,11.23,2024-09-12,רגילה,5815,,סכום העסקה הוא 2.9 $ עסקה בחיוב מיידי
2024-09-09,MTA*NYCT PAYGO,11.23,2024-09-12,רגילה,5815,,סכום העסקה הוא 2.9 $ עסקה בחיוב מיידי
2024-09-08,"Groupon, Inc.",38.61,2024-09-10,רגילה,5815,,סכום העסקה הוא 10.0 $ עסקה בחיוב מיידי
2024-09-08,PLNT BURGER - 11 WEST,37.8,2024-09-10,רגילה,5815,,סכום העסקה הוא 9.79 $ עסקה בחיוב מיידי
2024-09-07,SPIRIT48704079830290,496.24,2024-09-12,רגילה,,,סכום העסקה הוא 127.99 $ עסקה בחיוב מיידי
2024-09-07,UBER *TRIP,45.51,2024-09-08,רגילה,,,סכום העסקה הוא 11.94 $ עסקה בחיוב מיידי
2024-09-06,OMNY VENDING*,48.02,2024-09-08,רגילה,5815,,סכום העסקה הוא 12.6 $ עסקה בחיוב מיידי
2024-09-06,MTA*LIRR ONBOARDTICKET,15.25,2024-09-08,רגילה,,,סכום העסקה הוא 4.0 $ עסקה בחיוב מיידי
2024-09-06,Amazon Go,11.01,2024-09-08,רגילה,,,סכום העסקה הוא 2.89 $ עסקה בחיוב מיידי
2024-09-06,MTA*LIRR STATION TIX,74.32,2024-09-09,רגילה,5815,,סכום העסקה הוא 19.5 $ עסקה בחיוב מיידי
2024-09-06,MAIDEN GROCERY CORP,21.8,2024-09-09,רגילה,,,סכום העסקה הוא 5.72 $ עסקה בחיוב מיידי
2024-09-05,EXPSBERNA3,5.3,2024-09-08,רגילה,5815,,סכום העסקה הוא 1.25 € עסקה בחיוב מיידי
2024-09-05,EXPSBERNA3,-6.18,2024-09-09,זיכוי,5815,,סכום העסקה הוא 1.5 € החזר מיידי
2024-09-05,EXPSBERNA3,19.96,2024-09-08,רגילה,5815,,סכום העסקה הוא 4.71 € עסקה בחיוב מיידי
2024-09-05,EXPSBERNA3,12.71,2024-09-08,רגילה,5815,,סכום העסקה הוא 3.0 € עסקה בחיוב מיידי
2024-09-05,Gate Gourmet,12.65,2024-09-06,רגילה,,,סכום העסקה הוא 3.0 € עסקה בחיוב מיידי
2024-09-05,הפניקס ביטוח,263.0,2024-10-02,רגילה,,,
2024-09-05,AMAZON MKTPL*ZT4YV1PR1,99.19,2024-10-02,רגילה,,,
2024-09-04,LICENCIA 06337,139.17,2024-09-06,רגילה,5815,,סכום העסקה הוא 33.0 € עסקה בחיוב מיידי
2024-09-04,דמי כרטיס בנק הפועלים מסטר,0.0,2024-10-02,דמי חבר,,,
2024-09-03,HOSTEL BARAJAS MADRID,100.39,2024-09-05,רגילה,,,סכום העסקה הוא 23.72 € עסקה בחיוב מיידי
2024-09-03,WWW.HOSTELWORLD.COM,18.8,2024-09-05,רגילה,,,סכום העסקה הוא 4.91 $ עסקה בחיוב מיידי
2024-09-03,סופר פארם גדרה 146,344.09,2024-10-02,רגילה,5815,,
2024-09-02,"טר""מ אשדוד",38.0,2024-10-02,רגילה,5815,,
2024-09-02,MONGODBCLOUD AGENTS...,95.58,2024-09-04,רגילה,7000,,סכום העסקה הוא 25.42 $ עסקה בחיוב מיידי
2024-08-31,gotinder.com/help,65.27,2024-09-02,רגילה,,,
2024-08-30,APEXTRADERFUNDING,125.65,2024-09-02,רגילה,,,סכום העסקה הוא 33.4 $
2024-08-30,AIR EUROP,3106.1,2024-09-02,רגילה,,,סכום העסקה הוא 825.65 $
2024-08-29,APEXTRADERFUNDING,125.65,2024-09-01,רגילה,,,סכום העסקה הוא 33.4 $ עסקה בחיוב מיידי
2024-08-27,חניון קניון עזריאלי ירושלים,5.0,2024-09-02,רגילה,5815,,
2024-08-27,זארה - קניון מלחה,459.0,2024-09-02,רגילה,5815,,
2024-08-27,רנואר אופנה קניון ירושלים נשים-גמא,449.8,2024-09-02,רגילה,5815,,
2024-08-27,המשביר מלחה,342.9,2024-09-02,רגילה,5815,,
2024-08-27,הכל אבל הכל ב10,28.0,2024-09-02,רגילה,5815,,
2024-08-27,"פ.ש מיו סושי בע""מ",157.0,2024-09-02,רגילה,5815,,
2024-08-26,מ. התחבורה - פנגו מוביט,6.0,2024-09-02,הוראת קבע,,,
2024-08-25,דרך החומוס,26.0,2024-09-02,רגילה,5815,,
2024-08-21,טריפל וואי אילת,2235.0,,תשלומים,9040,,עסקה ב-2 תשלומים
2024-08-21,טריפל וואי אילת,2235.0,,תשלומים,9040,,עסקה ב-2 תשלומים
2024-08-20,ריבאר רויאל ביץ,20.0,2024-09-02,רגילה,9040,,
2024-08-19,צלילה חופשית ישראל,150.0,2024-09-02,רגילה,,,
2024-08-16,אבא תודה,10.0,2024-09-02,רגילה,9040,,
2024-08-15,גאסט מיט,50.0,2024-09-02,רגילה,9040,,
2024-08-14,TD365.com,1911.35,2024-08-18,רגילה,,,סכום העסקה הוא 500.0 $ עסקה בחיוב מיידי
2024-08-12,RAILWAY,87.05,2024-08-14,רגילה,3926,,סכום העסקה הוא 22.44 $ עסקה בחיוב מיידי
2024-08-09,Google One,8.0,2024-09-02,רגילה,,,
2024-08-09,עוזי אלי איש האתרוגים,14.0,2024-09-02,רגילה,,,
2024-08-08,aliexpress,41.84,2024-09-02,רגילה,1933,,
2024-08-08,ELEMENTOR,239.0,2024-09-02,רגילה,8863,,
2024-08-07,PAYPAL *KHOAVUTECHN,395.21,2024-09-02,רגילה,,,
2024-08-04,"א סופר ציפ 2015 בע""מ",6.0,2024-09-02,רגילה,9040,,
2024-08-04,עוזי אלי איש האתרוגים,7.0,2024-09-02,רגילה,9040,,
2024-08-04,סופר זול סניף אגריפס,28.9,2024-09-02,רגילה,9040,,
2024-08-04,דובדבן,2.0,2024-09-02,רגילה,9040,,
2024-08-04,חומוס אליהו מחנה יהודה,76.0,2024-09-02,רגילה,9040,,
2024-08-04,דמי כרטיס בנק הפועלים מסטר,0.0,2024-09-02,דמי חבר,,,
2024-08-02,APEXTRADERFUNDING,626.78,2024-08-05,רגילה,,,סכום העסקה הוא 160.0 $ עסקה בחיוב מיידי
2024-08-02,MONGODBCLOUD AGENTS...,54.73,2024-08-04,רגילה,7000,,סכום העסקה הוא 13.97 $ עסקה בחיוב מיידי
2024-08-01,מחסני השוק- יד בינימין,104.8,2024-09-02,רגילה,9040,,
2024-08-01,APEXTRADERFUNDING,146.51,2024-08-04,רגילה,,,סכום העסקה הוא 37.4 $ עסקה בחיוב מיידי
2024-07-26,קפית בגן,22.0,2024-08-02,רגילה,9040,,
2024-07-26,יהונתן ביסטריצר(קטרינה),84.0,2024-08-02,רגילה,9040,,
2024-07-25,HBB,64.0,2024-08-02,רגילה,9040,,
2024-07-25,חניון שרונה,36.0,2024-08-02,רגילה,9040,,
2024-07-24,APEX TRADER FUNDING,601.42,2024-07-26,רגילה,,,סכום העסקה הוא 160.0 $ עסקה בחיוב מיידי
2024-07-22,APEXTRADERFUNDING,139.58,2024-07-25,רגילה,,,סכום העסקה הוא 37.4 $ עסקה בחיוב מיידי
2024-07-22,APEXTRADERFUNDING,139.58,2024-07-25,רגילה,,,סכום העסקה הוא 37.4 $ עסקה בחיוב מיידי
2024-07-22,APEXTRADERFUNDING,139.58,2024-07-25,רגילה,,,סכום העסקה הוא 37.4 $ עסקה בחיוב מיידי
2024-07-21,מחסני השוק- יד בינימין,39.5,2024-08-02,רגילה,9040,,
2024-07-19,מחסני השוק- יד בינימין,64.5,2024-08-02,רגילה,,,
2024-07-18,BIT,275.0,2024-08-02,רגילה,,,
2024-07-17,מקסיקני מצפה רמון,42.0,2024-08-02,רגילה,9040,,
2024-07-17,דקאתלון ישראל בעמ - אילת,427.0,2024-08-02,רגילה,,,
2024-07-16,קריספי צ'יקן אייס מול,9.0,2024-08-02,רגילה,9040,,
2024-07-16,ריבאר אייסמול אילת,20.0,2024-08-02,רגילה,9040,,
2024-07-16,חומוס אליהו אילת,37.05,2024-08-02,רגילה,9040,0.95,
2024-07-15,סאן וואי בגדי הגנה משמש,196.49,2024-08-02,רגילה,9040,,
2024-07-15,המכולת שלי חטיבת גולני,25.7,2024-08-02,רגילה,9040,,
2024-07-14,עומרס,65.0,2024-08-02,רגילה,9040,,
2024-07-14,צלילה חופשית ישראל,500.0,2024-08-02,רגילה,,,
2024-07-14,PAYPAL *KHOAVUTECHN,100.0,2024-08-02,רגילה,,,
2024-07-13,צלילה חופשית ישראל,600.0,2024-08-02,רגילה,,,
2024-07-12,RAILWAY,18.74,2024-07-14,רגילה,3926,,סכום העסקה הוא 5.0 $ עסקה בחיוב מיידי
2024-07-12,APEXTRADERFUNDING,140.16,2024-07-15,רגילה,,,סכום העסקה הוא 37.4 $ עסקה בחיוב מיידי
2024-07-11,חניון חצרות יפו,20.0,2024-08-02,רגילה,9040,,
2024-07-11,APEXTRADERFUNDING,140.16,2024-07-14,רגילה,,,סכום העסקה הוא 37.4 $ עסקה בחיוב מיידי
2024-07-11,APEXTRADERFUNDING,140.16,2024-07-14,רגילה,,,סכום העסקה הוא 37.4 $ עסקה בחיוב מיידי
2024-07-11,APEXTRADERFUNDING,140.16,2024-07-14,רגילה,,,סכום העסקה הוא 37.4 $ עסקה בחיוב מיידי
2024-07-11,APEXTRADERFUNDING,140.16,2024-07-14,רגילה,,,סכום העסקה הוא 37.4 $ עסקה בחיוב מיידי
2024-07-10,מחסני השוק- יד בינימין,15.9,2024-08-02,רגילה,,,
2024-07-09,פלאפל הצומת,22.0,2024-08-02,רגילה,9040,,
2024-07-09,Google Storage,8.0,2024-08-02,רגילה,,,
2024-07-07,BIT,1500.0,2024-08-02,רגילה,,,
2024-07-07,דרך החומוס,31.0,2024-08-02,רגילה,9040,,
2024-07-07,קמאנג'ה מבית מיוזיקאלי,100.0,2024-08-02,רגילה,,,
2024-07-07,RAILWAY,89.71,2024-07-09,רגילה,3926,,סכום העסקה הוא 23.66 $ עסקה בחיוב מיידי
2024-07-07,"יופיי גלפין אחזקות בע""מ",379.0,2024-08-02,רגילה,,,
2024-07-04,בורגר ראוד,38.0,2024-08-02,רגילה,9040,,
2024-07-04,דמי כרטיס בנק הפועלים מסטר,0.0,2024-08-02,דמי חבר,,,
2024-07-03,אלברטו כפריה שלי,50.0,2024-08-02,רגילה,9040,,
2024-07-03,הפינה המתוקה,5.0,2024-08-02,רגילה,,,
2024-07-02,APEXTRADERFUNDING,143.97,2024-07-05,רגילה,,,סכום העסקה הוא 37.4 $ עסקה בחיוב מיידי
2024-07-01,BIT,2000.0,2024-08-02,רגילה,,,
2024-07-01,"חניון על בסנטר בע""מ",26.0,2024-08-02,רגילה,9040,,
2024-06-30,וודו בר,30.0,2024-07-02,רגילה,9040,,
2024-06-30,אופטיקה הלפרין קריית מלאכי,70.0,2024-07-02,רגילה,9040,,
2024-06-28,APEXTRADERFUNDING,144.66,2024-07-01,רגילה,,,סכום העסקה הוא 37.4 $ עסקה בחיוב מיידי
2024-06-27,APEXTRADERFUNDING,144.66,2024-06-30,רגילה,,,סכום העסקה הוא 37.4 $ עסקה בחיוב מיידי
2024-06-27,APEXTRADERFUNDING,144.66,2024-06-30,רגילה,,,סכום העסקה הוא 37.4 $ עסקה בחיוב מיידי
2024-06-27,APEXTRADERFUNDING,144.66,2024-06-30,רגילה,,,סכום העסקה הוא 37.4 $ עסקה בחיוב מיידי
2024-06-26,APEXTRADERFUNDING,144.66,2024-06-30,רגילה,,,סכום העסקה הוא 37.4 $ עסקה בחיוב מיידי
2024-06-26,APEXTRADERFUNDING,144.66,2024-06-30,רגילה,,,סכום העסקה הוא 37.4 $ עסקה בחיוב מיידי
2024-06-26,APEXTRADERFUNDING,144.66,2024-06-30,רגילה,,,סכום העסקה הוא 37.4 $ עסקה בחיוב מיידי
2024-06-25,חומוס אליהו סנטר 1,34.0,2024-07-02,רגילה,9040,,
2024-06-18,BLUE BIRD AIRLINES,102.63,2024-06-23,רגילה,9040,,סכום העסקה הוא 25.0 € עסקה בחיוב מיידי
2024-06-16,HOTEL IDEAL,225.75,2024-06-19,רגילה,,,סכום העסקה הוא 55.0 € עסקה בחיוב מיידי
2024-06-16,SUPER MARKET VERYKOK,6.58,2024-06-18,רגילה,9040,,סכום העסקה הוא 1.6 € עסקה בחיוב מיידי
2024-06-14,Hotel at Booking.com,172.18,2024-06-16,רגילה,,,סכום העסקה הוא 42.0 € עסקה בחיוב מיידי
2024-06-14,BKG*HOTEL AT BOOKING.C,182.8,2024-06-16,רגילה,,,סכום העסקה הוא 44.59 € עסקה בחיוב מיידי
2024-06-12,BKG*HOTEL AT BOOKING.C,170.64,2024-06-14,רגילה,,,סכום העסקה הוא 41.4 € עסקה בחיוב מיידי
2024-06-11,Eurail,651.25,2024-06-13,רגילה,,,סכום העסקה הוא 170.0 $ עסקה בחיוב מיידי
2024-06-11,mytrip_1015448618,461.89,2024-06-13,רגילה,7057,,סכום העסקה הוא 112.18 € עסקה בחיוב מיידי
2024-06-10,BIT,532.0,2024-07-02,רגילה,,,
2024-06-10,GREEK FERRIES CLUB,458.35,2024-06-13,רגילה,,,סכום העסקה הוא 111.32 € עסקה בחיוב מיידי
2024-06-10,BKG*HOTEL AT BOOKING.C,181.17,2024-06-13,רגילה,,,סכום העסקה הוא 44.0 € עסקה בחיוב מיידי
2024-06-10,APEXTRADERFUNDING,71.64,2024-06-13,רגילה,,,סכום העסקה הוא 18.7 $ עסקה בחיוב מיידי
2024-06-10,APEX TRADER FUNDING,612.94,2024-06-13,רגילה,,,סכום העסקה הוא 160.0 $ עסקה בחיוב מיידי
2024-06-09,OASA ETICKET POS,23.47,2024-06-13,רגילה,9040,,סכום העסקה הוא 5.7 € עסקה בחיוב מיידי
2024-06-09,OASA ETICKET POS,23.47,2024-06-13,רגילה,9040,,סכום העסקה הוא 5.7 € עסקה בחיוב מיידי
2024-06-09,HELLENIC TRAIN SA,132.99,2024-06-13,רגילה,9040,,סכום העסקה הוא 32.3 € עסקה בחיוב מיידי
2024-06-09,Google Storage,8.0,2024-07-02,רגילה,,,
2024-06-08,FOOD KALOGEROPOULOS,14.64,2024-06-10,רגילה,9040,,סכום העסקה הוא 3.5 € עסקה בחיוב מיידי
2024-06-08,NADARAJAH NEIL,94.7,2024-06-13,רגילה,9040,,סכום העסקה הוא 23.0 € עסקה בחיוב מיידי
2024-06-08,EGNATIA,29.97,2024-06-13,רגילה,,,סכום העסקה הוא 7.28 € עסקה בחיוב מיידי
2024-06-08,TAVERNA AKRON,96.2,2024-06-10,רגילה,9040,,סכום העסקה הוא 23.0 € עסקה בחיוב מיידי
2024-06-07,EVAG RAMNALHS EDI SIRA,29.28,2024-06-10,רגילה,9040,,סכום העסקה הוא 7.0 € עסקה בחיוב מיידי
2024-06-07,ISRAILITIKI_KOINOTITA_,33.46,2024-06-10,רגילה,9040,,סכום העסקה הוא 8.0 € עסקה בחיוב מיידי
2024-06-07,APEXTRADERFUNDING,71.81,2024-06-10,רגילה,,,סכום העסקה הוא 18.7 $ עסקה בחיוב מיידי
2024-06-07,RAILWAY,160.06,2024-06-09,רגילה,,,סכום העסקה הוא 41.68 $ עסקה בחיוב מיידי
2024-06-07,"יופיי גלפין אחזקות בע""מ",379.0,2024-07-02,רגילה,,,
2024-06-06,K KONTARGYRIS KAI S,20.91,2024-06-09,רגילה,9040,,סכום העסקה הוא 5.0 € עסקה בחיוב מיידי
2024-06-06,VICKO TSIMISKI,36.81,2024-06-09,רגילה,9040,,סכום העסקה הוא 8.8 € עסקה בחיוב מיידי
2024-06-06,RIO DE JANEIRO COF,26.6,2024-06-09,רגילה,9040,,סכום העסקה הוא 6.36 € עסקה בחיוב מיידי
2024-06-06,ROUGA,41.83,2024-06-09,רגילה,,,סכום העסקה הוא 10.0 € עסקה בחיוב מיידי
2024-06-05,NADARAJAH NEIL,253.46,2024-06-09,רגילה,9040,,סכום העסקה הוא 60.6 € עסקה בחיוב מיידי
2024-06-05,YPERASTIKO KTEL IOAN,127.1,2024-06-07,רגילה,9040,,סכום העסקה הוא 30.5 € עסקה בחיוב מיידי
2024-06-05,VLACHOS NIKOLAOS,18.82,2024-06-09,רגילה,,,סכום העסקה הוא 4.5 € עסקה בחיוב מיידי
2024-06-05,KASKANI ATHINA,12.55,2024-06-09,רגילה,9040,,סכום העסקה הוא 3.0 € עסקה בחיוב מיידי
2024-06-05,EPIRUS RENTING,-121.94,2024-06-10,זיכוי,,,סכום העסקה הוא 30.0 € החזר מיידי
2024-06-05,KITSOGLOU I PARASKEV,140.23,2024-06-07,רגילה,9040,,סכום העסקה הוא 33.65 € עסקה בחיוב מיידי
2024-06-05,LIOUBOS ALEXANDROS,50.01,2024-06-07,רגילה,9040,,סכום העסקה הוא 12.0 € עסקה בחיוב מיידי
2024-06-04,BKG*HOTEL AT BOOKING.C,418.13,2024-06-06,רגילה,,,סכום העסקה הוא 100.8 € עסקה בחיוב מיידי
2024-06-04,VLACHOS NIKOLAOS,18.75,2024-06-07,רגילה,9040,,סכום העסקה הוא 4.5 € עסקה בחיוב מיידי
2024-06-04,CHEN BIN,91.68,2024-06-07,רגילה,9040,,סכום העסקה הוא 22.0 € עסקה בחיוב מיידי
2024-06-04,WWW.HOSTELWORLD.COM,43.55,2024-06-06,רגילה,,,סכום העסקה הוא 11.41 $ עסקה בחיוב מיידי
2024-06-04,VEIO O E 2813,8.3,2024-06-06,רגילה,9040,,סכום העסקה הוא 2.0 € עסקה בחיוב מיידי
2024-06-04,YPERASTIKO KTEL IOAN,176.29,2024-06-06,רגילה,,,סכום העסקה הוא 42.5 € עסקה בחיוב מיידי
2024-06-04,דמי כרטיס בנק הפועלים מסטר,0.0,2024-07-02,דמי חבר,,,
2024-06-04,IDANIKO,7.47,2024-06-06,רגילה,9040,,סכום העסקה הוא 1.8 € עסקה בחיוב מיידי
2024-06-04,STATHATOS KONSTANT,40.24,2024-06-06,רגילה,9040,,סכום העסקה הוא 9.7 € עסקה בחיוב מיידי
2024-06-03,VLACHOS NIKOLAOS,24.89,2024-06-06,רגילה,,,סכום העסקה הוא 6.0 € עסקה בחיוב מיידי
2024-06-03,ANAGNOSTOPOULOU KO,14.43,2024-06-05,רגילה,9040,,סכום העסקה הוא 3.5 € עסקה בחיוב מיידי
2024-06-03,EPIRUS RENTING,414.81,2024-06-06,רגילה,,,סכום העסקה הוא 100.0 € עסקה בחיוב מיידי
2024-06-03,KRETSIS FOTIOS 1667,10.31,2024-06-05,רגילה,9040,,סכום העסקה הוא 2.5 € עסקה בחיוב מיידי
2024-06-02,EXPRESS MARKET,48.62,2024-06-05,רגילה,9040,,סכום העסקה הוא 11.79 € עסקה בחיוב מיידי
2024-06-02,THEOCHARIS GEORGIO,164.94,2024-06-05,רגילה,9040,,סכום העסקה הוא 40.0 € עסקה בחיוב מיידי
2024-06-01,PREVENTIS TALACHOUPI,39.34,2024-06-04,רגילה,9040,,סכום העסקה הוא 9.5 € עסקה בחיוב מיידי
2024-06-01,MARKET IN KALAMPAKA M4,4.49,2024-06-04,רגילה,9040,,סכום העסקה הוא 1.1 € עסקה בחיוב מיידי
2024-06-01,MARKET IN KALAMPAKA M4,36.1,2024-06-04,רגילה,9040,,סכום העסקה הוא 8.84 € עסקה בחיוב מיידי
2024-05-31,SYRTAKI FOODSTORE 19,16.57,2024-06-02,רגילה,,,סכום העסקה הוא 4.0 €
2024-05-31,SHELL ZACHARAKIS CHRIS,13.48,2024-06-04,רגילה,9040,,סכום העסקה הוא 3.3 € עסקה בחיוב מיידי
2024-05-31,APEXTRADERFUNDING,71.54,2024-06-04,רגילה,,,סכום העסקה הוא 18.7 $ עסקה בחיוב מיידי
2024-05-30,ZACHARAKI DESPOINA,103.54,2024-06-04,רגילה,9040,,סכום העסקה הוא 25.0 € עסקה בחיוב מיידי
2024-05-30,MARKET IN KALAMPAKA M4,45.8,2024-06-02,רגילה,,,סכום העסקה הוא 11.06 €
2024-05-30,THEOCHARIS GEORGIO,74.55,2024-06-02,רגילה,9040,,סכום העסקה הוא 18.0 €
2024-05-30,HELLENIC TRAIN SA,127.97,2024-06-02,רגילה,9040,,סכום העסקה הוא 30.9 €
2024-05-30,SACHINIS CHRISTOFOROS,9.94,2024-06-02,רגילה,9040,,סכום העסקה הוא 2.4 €
2024-05-30,KOULOURADES,9.53,2024-06-02,רגילה,9040,,סכום העסקה הוא 2.3 €
2024-05-29,PAPOULIA CHARIKLEI,16.98,2024-06-02,רגילה,9040,,סכום העסקה הוא 4.1 €
2024-05-29,AFOI BAIRAKTARI AE,14.08,2024-06-02,רגילה,9040,,סכום העסקה הוא 3.4 €
2024-05-29,SAVVAS KEBAP ERMOU IKE,14.49,2024-06-02,רגילה,9040,,סכום העסקה הוא 3.5 €
2024-05-29,KOULOURADES,9.11,2024-05-31,רגילה,9040,,סכום העסקה הוא 2.2 € עסקה בחיוב מיידי
2024-05-29,MAILOS,30.24,2024-05-31,רגילה,9040,,סכום העסקה הוא 7.3 € עסקה בחיוב מיידי
2024-05-29,KOULOURADES,10.35,2024-05-31,רגילה,9040,,סכום העסקה הוא 2.5 € עסקה בחיוב מיידי
2024-05-29,OASA ETICKET POS,9.53,2024-06-02,רגילה,9040,,סכום העסקה הוא 2.3 €
2024-05-29,SSTY ATHENS STRIPE,53.84,2024-05-31,רגילה,,,סכום העסקה הוא 13.0 € עסקה בחיוב מיידי
2024-05-29,T AGRAFA,14.5,2024-05-31,רגילה,9040,,סכום העסקה הוא 3.5 € עסקה בחיוב מיידי
2024-05-28,MOLLAH MOSTAFIZOR,46.39,2024-05-31,רגילה,9040,,סכום העסקה הוא 11.2 € עסקה בחיוב מיידי
2024-05-28,T AGRAFA,14.01,2024-05-30,רגילה,9040,,סכום העסקה הוא 3.4 € עסקה בחיוב מיידי
2024-05-28,COCO MAT BIKE,25.97,2024-05-30,רגילה,9040,,סכום העסקה הוא 6.3 € עסקה בחיוב מיידי
2024-05-27,T AGRAFA,14.01,2024-05-30,רגילה,9040,,סכום העסקה הוא 3.4 € עסקה בחיוב מיידי
2024-05-27,AFOI BAIRAKTARI AE,59.36,2024-05-30,רגילה,9040,,סכום העסקה הוא 14.4 € עסקה בחיוב מיידי
2024-05-27,KOULOURADES,10.28,2024-05-29,רגילה,9040,,סכום העסקה הוא 2.5 € עסקה בחיוב מיידי
2024-05-27,GERMANOS 10111 00001 A,61.83,2024-05-30,רגילה,9040,,סכום העסקה הוא 15.0 € עסקה בחיוב מיידי
2024-05-27,ATHER,12.34,2024-05-29,רגילה,9040,,סכום העסקה הוא 3.0 € עסקה בחיוב מיידי
2024-05-26,STICKY RICE,33.73,2024-05-29,רגילה,9040,,סכום העסקה הוא 8.2 € עסקה בחיוב מיידי
2024-05-26,FULL CIRCLE,16.46,2024-05-29,רגילה,9040,,סכום העסקה הוא 4.0 € עסקה בחיוב מיידי
2024-05-26,FOTIOS KOUVAS,15.63,2024-05-29,רגילה,9040,,סכום העסקה הוא 3.8 € עסקה בחיוב מיידי
2024-05-26,AFOI BAIRAKTARI AE,18.1,2024-05-29,רגילה,9040,,סכום העסקה הוא 4.4 € עסקה בחיוב מיידי
2024-05-26,PANAGIOTOPOULOU KALLI,57.48,2024-05-28,רגילה,9040,,סכום העסקה הוא 14.05 € עסקה בחיוב מיידי
2024-05-25,COCO MAT BIKE,27.97,2024-05-29,רגילה,9040,,סכום העסקה הוא 6.8 € עסקה בחיוב מיידי
2024-05-25,GLYKOPOULOS PANAGI,8.23,2024-05-29,רגילה,9040,,סכום העסקה הוא 2.0 € עסקה בחיוב מיידי
2024-05-25,KOULOURADES,9.41,2024-05-27,רגילה,9040,,סכום העסקה הוא 2.3 € עסקה בחיוב מיידי
2024-05-25,KOULOURADES,9.41,2024-05-27,רגילה,9040,,סכום העסקה הוא 2.3 € עסקה בחיוב מיידי
2024-05-24,ATLANTIKOS,63.77,2024-05-29,רגילה,9040,,סכום העסקה הוא 15.5 € עסקה בחיוב מיידי
2024-05-24,RC* RENTALCARGROUP.COM,-63.1,2024-05-28,זיכוי,,,סכום העסקה הוא 15.87 € החזר מיידי
2024-05-24,T AGRAFA,13.91,2024-05-26,רגילה,9040,,סכום העסקה הוא 3.4 € עסקה בחיוב מיידי
2024-05-24,TECHNOELIT A.E.,9.0,2024-05-26,רגילה,9040,,סכום העסקה הוא 2.2 € עסקה בחיוב מיידי
2024-05-24,LA PIZZETTA,10.23,2024-05-26,רגילה,,,סכום העסקה הוא 2.5 € עסקה בחיוב מיידי
2024-05-23,GHOSTHOUSE,32.73,2024-05-26,רגילה,9040,,סכום העסקה הוא 8.0 € עסקה בחיוב מיידי
2024-05-23,AFOI BAIRAKTARI AE,74.95,2024-05-26,רגילה,9040,,סכום העסקה הוא 18.32 € עסקה בחיוב מיידי
2024-05-23,MOLLAH MOSTAFIZOR,9.0,2024-05-26,רגילה,9040,,סכום העסקה הוא 2.2 € עסקה בחיוב מיידי
2024-05-23,T AGRAFA,13.91,2024-05-26,רגילה,9040,,סכום העסקה הוא 3.4 € עסקה בחיוב מיידי
2024-05-22,SAVVAS KEBAP ERMOU IKE,14.32,2024-05-26,רגילה,9040,,סכום העסקה הוא 3.5 € עסקה בחיוב מיידי
2024-05-22,AFOI BAIRAKTARI AE,34.37,2024-05-26,רגילה,9040,,סכום העסקה הוא 8.4 € עסקה בחיוב מיידי
2024-05-22,OASA ETICKET POS,33.55,2024-05-26,רגילה,9040,,סכום העסקה הוא 8.2 € עסקה בחיוב מיידי
2024-05-22,T AGRAFA,15.98,2024-05-26,רגילה,9040,,סכום העסקה הוא 3.9 € עסקה בחיוב מיידי
2024-05-22,ICONIC ATIENS IOST,316.32,2024-05-26,רגילה,9040,,סכום העסקה הוא 77.2 € עסקה בחיוב מיידי
2024-05-22,OASA ETICKET POS,22.5,2024-05-26,רגילה,9040,,סכום העסקה הוא 5.5 € עסקה בחיוב מיידי
2024-05-21,BODEGA GONGORA,31.73,2024-05-23,רגילה,9040,,סכום העסקה הוא 7.75 € עסקה בחיוב מיידי
2024-05-21,EXPHARINAS,52.61,2024-05-23,רגילה,9040,,סכום העסקה הוא 12.85 € עסקה בחיוב מיידי
2024-05-21,EL SIRIO,25.8,2024-05-23,רגילה,9040,,סכום העסקה הוא 6.3 € עסקה בחיוב מיידי
2024-05-21,EMPANADAS MALVON,23.34,2024-05-23,רגילה,9040,,סכום העסקה הוא 5.7 € עסקה בחיוב מיידי
2024-05-21,RC* RENTALCARGROUP.COM,65.14,2024-05-22,רגילה,,,סכום העסקה הוא 15.87 € עסקה בחיוב מיידי
2024-05-21,WWW.RENTALCARGROUP.COM,-4.01,2024-05-26,זיכוי,,,סכום העסקה הוא 0.98 € החזר מיידי
2024-05-20,SSP S.A. - AEROPUERTO,19.5,2024-05-22,רגילה,9040,,סכום העסקה הוא 4.75 € עסקה בחיוב מיידי
2024-05-20,GUICHOC 7,40.23,2024-05-22,רגילה,9040,,סכום העסקה הוא 9.8 € עסקה בחיוב מיידי
2024-05-20,BLACK SWAN HOSTEL SEVI,109.19,2024-05-22,רגילה,9040,,סכום העסקה הוא 26.6 € עסקה בחיוב מיידי
2024-05-20,WWW.RENTALCARGROUP.COM,4.02,2024-05-22,רגילה,,,סכום העסקה הוא 0.98 € עסקה בחיוב מיידי
2024-05-20,MILK AWAY,16.01,2024-05-22,רגילה,9040,,סכום העסקה הוא 3.9 € עסקה בחיוב מיידי
2024-05-20,APEXTRADERFUNDING,70.7,2024-05-23,רגילה,,,סכום העסקה הוא 18.7 $ עסקה בחיוב מיידי
2024-05-20,APEXTRADERFUNDING,70.7,2024-05-23,רגילה,,,סכום העסקה הוא 18.7 $ עסקה בחיוב מיידי
2024-05-20,APEXTRADERFUNDING,70.7,2024-05-23,רגילה,,,סכום העסקה הוא 18.7 $ עסקה בחיוב מיידי
2024-05-20,APEXTRADERFUNDING,70.7,2024-05-23,רגילה,,,סכום העסקה הוא 18.7 $ עסקה בחיוב מיידי
2024-05-20,APEXTRADERFUNDING,70.7,2024-05-23,רגילה,,,סכום העסקה הוא 18.7 $ עסקה בחיוב מיידי
2024-05-19,בי אג?נט אונליין בע?מ,540.0,2024-06-02,רגילה,,,
2024-05-19,BAZAR SUNNY,68.05,2024-05-22,רגילה,9040,,סכום העסקה הוא 17.86 $ עסקה בחיוב מיידי
2024-05-19,EMPANADAS MALVON,23.6,2024-05-22,רגילה,9040,,סכום העסקה הוא 5.7 € עסקה בחיוב מיידי
2024-05-19,BLACK SWAN HOSTEL SEVI,112.7,2024-05-22,רגילה,9040,,סכום העסקה הוא 27.22 € עסקה בחיוב מיידי
2024-05-19,SUPERMERCADO,10.56,2024-05-22,רגילה,9040,,סכום העסקה הוא 2.55 € עסקה בחיוב מיידי
2024-05-19,VIVARI CORCEGA,13.87,2024-05-22,רגילה,9040,,סכום העסקה הוא 3.35 € עסקה בחיוב מיידי
2024-05-18,METRO BARCELONA,10.58,2024-05-20,רגילה,,,סכום העסקה הוא 2.55 € עסקה בחיוב מיידי
2024-05-18,SumUp *Espai Begge,9.13,2024-05-20,רגילה,9040,,סכום העסקה הוא 2.2 € עסקה בחיוב מיידי
2024-05-18,23 ROBADORS,33.19,2024-05-20,רגילה,9040,,סכום העסקה הוא 8.0 € עסקה בחיוב מיידי
2024-05-18,BABA RESTAURANTE,18.67,2024-05-20,רגילה,9040,,סכום העסקה הוא 4.5 € עסקה בחיוב מיידי
2024-05-18,23 ROBADORS,12.45,2024-05-20,רגילה,9040,,סכום העסקה הוא 3.0 € עסקה בחיוב מיידי
2024-05-18,VIVARI CORCEGA,15.14,2024-05-20,רגילה,9040,,סכום העסקה הוא 3.65 € עסקה בחיוב מיידי
2024-05-18,BCN HOSTEL SPORT SL,19.42,2024-05-20,רגילה,9040,,סכום העסקה הוא 4.68 € עסקה בחיוב מיידי
2024-05-18,AEGEAN AI0000000PBNVEJ,327.5,2024-05-20,רגילה,,,סכום העסקה הוא 85.65 $ עסקה בחיוב מיידי
2024-05-18,DAWN CAFE,22.82,2024-05-20,רגילה,9040,,סכום העסקה הוא 5.5 € עסקה בחיוב מיידי
2024-05-18,Iryo,429.38,2024-05-20,רגילה,,,סכום העסקה הוא 103.49 € עסקה בחיוב מיידי
2024-05-18,SUPER.COM HOTELS,171.8,2024-05-20,רגילה,9671,,סכום העסקה הוא 44.93 $ עסקה בחיוב מיידי
2024-05-18,PAN LAUDE SL,5.6,2024-05-20,רגילה,9040,,סכום העסקה הוא 1.35 € עסקה בחיוב מיידי
2024-05-18,SUPERMERCADO MUNTADES,26.14,2024-05-20,רגילה,9040,,סכום העסקה הוא 6.3 € עסקה בחיוב מיידי
2024-05-18,SUPER BALMES 21,12.41,2024-05-20,רגילה,9040,,סכום העסקה הוא 2.99 € עסקה בחיוב מיידי
2024-05-17,LA GULA ARGENTINA,14.52,2024-05-19,רגילה,9040,,סכום העסקה הוא 3.5 € עסקה בחיוב מיידי
2024-05-17,ONEFAN SANTS,19.42,2024-05-19,רגילה,9040,,סכום העסקה הוא 4.68 € עסקה בחיוב מיידי
2024-05-17,ONEFAN SANTS,192.43,2024-05-19,רגילה,9040,,סכום העסקה הוא 46.38 € עסקה בחיוב מיידי
2024-05-17,CONSUM BARNA SANTS,7.88,2024-05-19,רגילה,9040,,סכום העסקה הוא 1.9 € עסקה בחיוב מיידי
2024-05-17,CHAMPIONS BURGER,51.86,2024-05-19,רגילה,9040,,סכום העסקה הוא 12.5 € עסקה בחיוב מיידי
2024-05-17,MUSEU NACIONAL ART CAT,49.79,2024-05-19,רגילה,9040,,סכום העסקה הוא 12.0 € עסקה בחיוב מיידי
2024-05-17,CORDOVA FORUM,12.45,2024-05-19,רגילה,9040,,סכום העסקה הוא 3.0 € עסקה בחיוב מיידי
2024-05-17,APEX TRADER FUNDING,611.79,2024-05-19,רגילה,,,סכום העסקה הוא 160.0 $ עסקה בחיוב מיידי
2024-05-16,PAYPAL *AGODACOMPAN,140.39,2024-06-02,רגילה,,,
2024-05-15,METRO BARCELONA,52.06,2024-05-17,רגילה,,,סכום העסקה הוא 12.65 € עסקה בחיוב מיידי
2024-05-15,MR FOCACCIA,14.82,2024-05-17,רגילה,9040,,סכום העסקה הוא 3.6 € עסקה בחיוב מיידי
2024-05-15,APEX TRADER FUNDING,70.83,2024-05-17,רגילה,,,סכום העסקה הוא 18.7 $ עסקה בחיוב מיידי
2024-05-14,EL RACO ART DEL TEATRE,18.52,2024-05-17,רגילה,9040,,סכום העסקה הוא 4.5 € עסקה בחיוב מיידי
2024-05-14,LA FABRICA,12.3,2024-05-17,רגילה,9040,,סכום העסקה הוא 2.99 € עסקה בחיוב מיידי
2024-05-14,APEXTRADERFUNDING,141.66,2024-05-17,רגילה,,,סכום העסקה הוא 37.4 $ עסקה בחיוב מיידי
2024-05-14,APEXTRADERFUNDING,141.66,2024-05-17,רגילה,,,סכום העסקה הוא 37.4 $ עסקה בחיוב מיידי
2024-05-14,PAYPAL *AGODACOMPAN,157.56,2024-06-02,רגילה,,,
2024-05-13,ONEFAM PARALELO,172.91,2024-05-15,רגילה,,,סכום העסקה הוא 41.88 € עסקה בחיוב מיידי
2024-05-13,ISKENDER,31.79,2024-05-15,רגילה,,,סכום העסקה הוא 7.7 € עסקה בחיוב מיידי
2024-05-13,PASTA BALMES,28.69,2024-05-15,רגילה,9040,,סכום העסקה הוא 6.95 € עסקה בחיוב מיידי
2024-05-13,CRAZY FASHION,61.93,2024-05-15,רגילה,9040,,סכום העסקה הוא 15.0 € עסקה בחיוב מיידי
2024-05-13,CROISSANTERIE DEL PI,26.01,2024-05-15,רגילה,9040,,סכום העסקה הוא 6.3 € עסקה בחיוב מיידי
2024-05-13,APEXTRADERFUNDING,142.2,2024-05-17,רגילה,,,סכום העסקה הוא 37.4 $ עסקה בחיוב מיידי
2024-05-13,Astiko Ktel Kerkiras,16.51,2024-05-15,רגילה,9040,,סכום העסקה הוא 4.0 € עסקה בחיוב מיידי
2024-05-13,BELUSHI S,20.64,2024-05-15,רגילה,9040,,סכום העסקה הוא 5.0 € עסקה בחיוב מיידי
2024-05-12,BELUSHI S,12.39,2024-05-15,רגילה,,,סכום העסקה הוא 3.0 € עסקה בחיוב מיידי
2024-05-12,MONBUS,29.93,2024-05-15,רגילה,9040,,סכום העסקה הוא 7.25 € עסקה בחיוב מיידי
2024-05-12,Georgios Papavlasopoul,33.03,2024-05-15,רגילה,9040,,סכום העסקה הוא 8.0 € עסקה בחיוב מיידי
2024-05-12,MIKEL CORFU CENTER,18.58,2024-05-15,רגילה,9040,,סכום העסקה הוא 4.5 € עסקה בחיוב מיידי
2024-05-12,Sigma Rent a Car,-1003.08,2024-05-17,זיכוי,,,סכום העסקה הוא 250.0 € החזר מיידי
2024-05-12,PAYPAL *SUPER,95.34,2024-06-02,רגילה,,,
2024-05-12,PAYPAL *INTERPUB,136.67,2024-06-02,רגילה,,,
2024-05-11,NIKOLAOS KROKIDIS,53.67,2024-05-15,רגילה,9040,,סכום העסקה הוא 13.0 € עסקה בחיוב מיידי
2024-05-11,BOZIKI MARIA,55.72,2024-05-13,רגילה,,,סכום העסקה הוא 13.5 € עסקה בחיוב מיידי
2024-05-11,RYANAIR0000000BHLTVI,150.13,2024-05-15,רגילה,,,סכום העסקה הוא 39.18 $ עסקה בחיוב מיידי
2024-05-10,PAGIATI AIKATERINI,53.66,2024-05-12,רגילה,9040,,סכום העסקה הוא 13.0 € עסקה בחיוב מיידי
2024-05-10,BKG*HOTEL AT BOOKING.C,163.04,2024-05-12,רגילה,,,סכום העסקה הוא 39.5 € עסקה בחיוב מיידי
2024-05-10,BP,235.28,2024-05-12,רגילה,,,סכום העסקה הוא 57.0 € עסקה בחיוב מיידי
2024-05-10,PAYPAL *PATREON MEMBE,23.02,2024-06-02,הוראת קבע,,,
2024-05-09,Sigma Rent a Car,191.03,2024-05-12,רגילה,,,סכום העסקה הוא 46.28 € עסקה בחיוב מיידי
2024-05-09,Sigma Rent a Car,1031.93,2024-05-12,רגילה,,,סכום העסקה הוא 250.0 € עסקה בחיוב מיידי
2024-05-09,RAUMONDIS EMMANOUIL V,17.75,2024-05-12,רגילה,9040,,סכום העסקה הוא 4.3 € עסקה בחיוב מיידי
2024-05-09,CARJET.COM,129.49,2024-05-12,רגילה,,,סכום העסקה הוא 31.37 € עסקה בחיוב מיידי
2024-05-09,OSY-KOUMARIANOS EUSTAT,22.7,2024-05-12,רגילה,9040,,סכום העסקה הוא 5.5 € עסקה בחיוב מיידי
2024-05-09,Google Storage,8.0,2024-06-02,רגילה,,,
2024-05-08,MAILOS,31.39,2024-05-10,רגילה,9040,,סכום העסקה הוא 7.6 € עסקה בחיוב מיידי
2024-05-08,mytrip_1009027595,240.77,2024-05-09,רגילה,,,סכום העסקה הוא 63.02 $ עסקה בחיוב מיידי
2024-05-08,BKG*HOTEL AT BOOKING.C,79.79,2024-05-10,רגילה,,,סכום העסקה הוא 19.32 € עסקה בחיוב מיידי
2024-05-08,OASA ETICKET POS,9.49,2024-05-12,רגילה,9040,,סכום העסקה הוא 2.3 € עסקה בחיוב מיידי
2024-05-08,EVROPAIKA ARTOPOIEIA,8.26,2024-05-10,רגילה,9040,,סכום העסקה הוא 2.0 € עסקה בחיוב מיידי
2024-05-08,KAFENEION TO 111,19.82,2024-05-10,רגילה,9040,,סכום העסקה הוא 4.8 € עסקה בחיוב מיידי
2024-05-07,AFOI BAIRAKTARI AE,18.17,2024-05-10,רגילה,9040,,סכום העסקה הוא 4.4 € עסקה בחיוב מיידי
2024-05-07,BISTRO PAROCHES YPIR,99.12,2024-05-10,רגילה,9040,,סכום העסקה הוא 24.0 € עסקה בחיוב מיידי
2024-05-07,MARINOPOULOS COFFEE CO,27.08,2024-05-09,רגילה,9040,,סכום העסקה הוא 6.6 € עסקה בחיוב מיידי
2024-05-07,BIT,2000.0,2024-06-02,רגילה,,,
2024-05-07,BKG*HOTEL AT BOOKING.C,78.67,2024-05-09,רגילה,,,סכום העסקה הוא 19.17 € עסקה בחיוב מיידי
2024-05-07,AFOI BAIRAKTARI AE,72.27,2024-05-10,רגילה,9040,,סכום העסקה הוא 17.5 € עסקה בחיוב מיידי
2024-05-07,RAILWAY,179.85,2024-05-08,רגילה,6225,,סכום העסקה הוא 46.96 $ עסקה בחיוב מיידי
2024-05-07,"יופיי גלפין אחזקות בע""מ",379.0,2024-06-02,רגילה,,,
2024-05-06,GRANDE,19.82,2024-05-10,רגילה,9040,,סכום העסקה הוא 4.8 € עסקה בחיוב מיידי
2024-05-06,GRANDE,49.56,2024-05-10,רגילה,9040,,סכום העסקה הוא 12.0 € עסקה בחיוב מיידי
2024-05-06,TECHNE HYDRA,18.47,2024-05-09,רגילה,9040,,סכום העסקה הוא 4.5 € עסקה בחיוב מיידי
2024-05-06,CARDLINK ONE*ATTIKA,19.29,2024-05-09,רגילה,9040,,סכום העסקה הוא 4.7 € עסקה בחיוב מיידי
2024-05-06,ATHER,10.72,2024-05-08,רגילה,9040,,סכום העסקה הוא 2.6 € עסקה בחיוב מיידי
2024-05-05,LOUKOUMADES STORES,23.64,2024-05-07,רגילה,9040,,סכום העסקה הוא 5.7 € עסקה בחיוב מיידי
2024-05-05,MAILOS,33.59,2024-05-07,רגילה,9040,,סכום העסקה הוא 8.1 € עסקה בחיוב מיידי
2024-05-05,SELINA OPERAT THEA M A,104.86,2024-05-08,רגילה,9040,,סכום העסקה הוא 25.43 € עסקה בחיוב מיידי
2024-05-05,AFOI BAIRAKTARI AE,145.93,2024-05-08,רגילה,9040,,סכום העסקה הוא 35.39 € עסקה בחיוב מיידי
2024-05-05,דמי כרטיס בנק הפועלים מסטר,0.0,2024-06-02,דמי חבר,,,
2024-05-04,PANAGIOTOPOULOU KALLI,69.46,2024-05-06,רגילה,9040,,סכום העסקה הוא 16.9 € עסקה בחיוב מיידי
2024-05-03,MOUSEIO AKROPOLIS,61.65,2024-05-05,רגילה,,,סכום העסקה הוא 15.0 € עסקה בחיוב מיידי
2024-05-02,PAYPAL *HOTELS.COM,310.88,2024-06-02,רגילה,,,
2024-05-01,BE AGENT TRAVEL,387.84,2024-06-02,רגילה,,,סכום העסקה הוא 101.24 $
2024-05-01,ארקיע - סופר דיל,3068.6,2024-06-02,רגילה,,,
2024-04-30,"הראל ביטוחי חו""ל",127.14,2024-05-02,רגילה,,,
2024-04-30,PAYPAL *SUPER TEMPAUT,97.46,2024-05-02,רגילה,,,
2024-04-28,"ישראייר תעופה בע""מ-צמרת",356.01,2024-05-02,רגילה,,11.01,
2024-04-27,aliexpress,322.78,2024-04-30,רגילה,3885,,סכום העסקה הוא 82.16 $ עסקה בחיוב מיידי
2024-04-27,PAYPAL *martinrivera6,39.27,2024-05-02,רגילה,,,
2024-04-23,ICLIMB-ראשון לציון,324.0,,תשלומים,9040,,עסקה ב-2 תשלומים
2024-04-23,ICLIMB-ראשון לציון,324.0,,תשלומים,9040,,עסקה ב-2 תשלומים
2024-04-22,PAYPAL *SargisManukyan,78.44,2024-05-02,רגילה,,,
2024-04-21,בסט סייל סלולר-מימונית,897.0,2024-05-02,רגילה,,,
2024-04-21,"העברה ב BIT בנה""פ",200.0,2024-05-02,רגילה,,,
2024-04-21,APEXTRADERFUNDING,622.83,2024-04-24,רגילה,,,סכום העסקה הוא 160.0 $ עסקה בחיוב מיידי
2024-04-21,APEXTRADERFUNDING,622.83,2024-04-24,רגילה,,,סכום העסקה הוא 160.0 $ עסקה בחיוב מיידי
2024-04-19,APEXTRADERFUNDING,145.59,2024-04-22,רגילה,,,סכום העסקה הוא 37.4 $ עסקה בחיוב מיידי
2024-04-19,APEXTRADERFUNDING,145.59,2024-04-22,רגילה,,,סכום העסקה הוא 37.4 $ עסקה בחיוב מיידי
2024-04-19,APEXTRADERFUNDING,145.59,2024-04-22,רגילה,,,סכום העסקה הוא 37.4 $ עסקה בחיוב מיידי
2024-04-18,בי אג?נט אונליין בע?מ,540.0,2024-05-02,רגילה,,,
2024-04-16,דרך החומוס,6.0,2024-05-02,רגילה,9040,,
2024-04-16,דרך החומוס,26.0,2024-05-02,רגילה,9040,,
2024-04-16,גרוזרס,70.0,2024-05-02,רגילה,9040,,
2024-04-15,פלאפל הצומת,71.0,2024-05-02,רגילה,9040,,
2024-04-10,מחסני השוק- יד בינימין,15.9,2024-05-02,רגילה,9040,,
2024-04-10,BIT,20.0,2024-05-02,רגילה,,,
2024-04-10,מחסני השוק- יד בינימין,13.8,2024-05-02,רגילה,9040,,
2024-04-10,APEXTRADERFUNDING,618.54,2024-04-14,רגילה,,,סכום העסקה הוא 160.0 $ עסקה בחיוב מיידי
2024-04-09,APEXTRADERFUNDING,144.74,2024-04-12,רגילה,,,סכום העסקה הוא 37.4 $ עסקה בחיוב מיידי
2024-04-09,Google Storage,8.0,2024-05-02,רגילה,,,
2024-04-09,PAYPAL *PATREON MEMBE,22.79,2024-05-02,הוראת קבע,,,
2024-04-08,"י.נ.מרקטלינק בע""מ",35.0,2024-05-02,רגילה,,,
2024-04-08,APEXTRADERFUNDING,142.93,2024-04-12,רגילה,,,סכום העסקה הוא 37.4 $ עסקה בחיוב מיידי
2024-04-07,דני בתי מאפה,21.5,2024-05-02,רגילה,9040,,
2024-04-07,דלק מנטה יד בנימין,100.05,2024-05-02,רגילה,,,
2024-04-07,RAILWAY,147.67,2024-04-09,רגילה,6225,,סכום העסקה הוא 38.66 $ עסקה בחיוב מיידי
2024-04-07,"יופיי גלפין אחזקות בע""מ",379.0,2024-05-02,רגילה,,,
2024-04-06,פיצה רג'ינה,60.0,2024-05-02,רגילה,9040,,
2024-04-05,APEXTRADERFUNDING,144.24,2024-04-08,רגילה,,,סכום העסקה הוא 37.4 $ עסקה בחיוב מיידי
2024-04-05,דור אלון - טל שחר,200.8,2024-05-02,רגילה,,,
2024-04-04,SUPERMARKET קפה ומאפה,15.0,2024-05-02,רגילה,9040,,
2024-04-04,המתחם התאילנדי,48.0,2024-05-02,רגילה,9040,,
2024-04-04,צלילה חופשית ישראל,130.0,2024-05-02,רגילה,,,
2024-04-04,דמי כרטיס בנק הפועלים מסטר,0.0,2024-05-02,דמי חבר,,,
2024-04-03,סופר תיירות,12.0,2024-05-02,רגילה,9040,,
2024-04-03,טרק מרקט הרודס,490.94,2024-05-02,רגילה,9040,,
2024-04-03,בוטיק הפלאפל,24.0,2024-05-02,רגילה,9040,,
2024-04-03,בוטיק הפלאפל,24.0,2024-05-02,רגילה,9040,,
2024-04-02,אינטרספייס-טרנזילה שירותים,99.45,2024-05-02,הוראת קבע,,,
2024-04-02,"מינימרקט האגס אילת בע""מ",14.9,2024-05-02,רגילה,9040,,
2024-04-02,"גילתוראן בע""מ",1398.0,,תשלומים,9040,,עסקה ב-2 תשלומים
2024-04-02,"גילתוראן בע""מ",1399.0,,תשלומים,9040,,עסקה ב-2 תשלומים
2024-04-02,צלילה חופשית ישראל,280.0,2024-05-02,רגילה,,,
2024-04-02,"פלאפל שווארמה הלב הרחב בע""מ",42.0,2024-05-02,רגילה,9040,,
2024-04-02,MONGODBCLOUD AGENTS...,9.7,2024-04-04,רגילה,7000,,סכום העסקה הוא 2.55 $ עסקה בחיוב מיידי
2024-04-01,פונגי,38.0,2024-05-02,רגילה,9040,,
2024-04-01,צלילה חופשית ישראל,130.0,2024-05-02,רגילה,,,
2024-04-01,PAYPAL *KHOAVUTECHN,643.86,2024-05-02,רגילה,,,
2024-03-31,המכולת שלי שדרות התמרים,53.42,2024-04-02,רגילה,9040,,
2024-03-31,שניצל קונספט עזריאלי מול הים,15.0,2024-04-02,רגילה,9040,,
2024-03-31,צלילה חופשית ישראל,200.0,2024-04-02,רגילה,,,
2024-03-31,"אברהם הוסטל אילת בע""מ",139.5,2024-04-02,רגילה,,,
2024-03-28,דניאל פרקינג,30.0,2024-04-02,רגילה,9040,,
2024-03-28,"בית הפנקייק TLV נמל ת""א",77.0,2024-04-02,רגילה,9040,,
2024-03-28,חממה,84.3,2024-04-02,רגילה,9040,,
2024-03-27,"יעד חברה לפיתוח גבעתיים בע""מ",50.0,2024-04-02,רגילה,9040,,
2024-03-27,המלביה גבעתיים,14.0,2024-04-02,רגילה,9040,,
2024-03-27,טוני ווספה גבעתיים,24.7,2024-04-02,רגילה,9040,,
2024-03-27,"בסר סיטי- סנטרל פארק בע""מ",70.0,2024-04-02,רגילה,9040,,
2024-03-27,"ז.ד. מרקט בע""מ",8.9,2024-04-02,רגילה,9040,,
2024-03-27,מאפיית טאבון סיטי,7.8,2024-04-02,רגילה,9040,,
2024-03-27,APEXTRADERFUNDING,141.66,2024-03-31,רגילה,,,סכום העסקה הוא 37.4 $ עסקה בחיוב מיידי
2024-03-27,APEXTRADERFUNDING,141.66,2024-03-31,רגילה,,,סכום העסקה הוא 37.4 $ עסקה בחיוב מיידי
2024-03-26,מ. התחבורה - פנגו מוביט,5.5,2024-04-02,הוראת קבע,,,
2024-03-26,PAYPAL *KHOAVUTECHN,2245.54,2024-04-02,רגילה,,,
2024-03-25,דוויני,50.0,2024-04-02,רגילה,9040,,
2024-03-24,עירית ירושלים גזברות,250.0,2024-04-02,רגילה,,,
2024-03-21,APEX TRADER FUNDING,139.39,2024-03-25,רגילה,,,סכום העסקה הוא 37.4 $ עסקה בחיוב מיידי
2024-03-21,APEX TRADER FUNDING,139.39,2024-03-25,רגילה,,,סכום העסקה הוא 37.4 $ עסקה בחיוב מיידי
2024-03-21,APEX TRADER FUNDING,139.39,2024-03-25,רגילה,,,סכום העסקה הוא 37.4 $ עסקה בחיוב מיידי
2024-03-20,APEX TRADER FUNDING,138.7,2024-03-22,רגילה,,,סכום העסקה הוא 37.4 $ עסקה בחיוב מיידי
2024-03-19,מחסני השוק- יד בינימין,40.7,2024-04-02,רגילה,9040,,
2024-03-19,APEX TRADER FUNDING,141.66,2024-03-22,רגילה,,,סכום העסקה הוא 37.4 $ עסקה בחיוב מיידי
2024-03-18,בי אג?נט אונליין בע?מ,540.0,2024-04-02,רגילה,,,
2024-03-17,שפיר הנדסה אזרחית חניון הלאום,25.0,2024-04-02,רגילה,9040,,
2024-03-17,נביעה,40.0,2024-04-02,רגילה,9040,,
2024-03-17,PAYPAL *KHOAVUTECHN,2267.69,2024-04-02,רגילה,,,
2024-03-16,מיקו סטקיית ירושלים בעמ,1.95,2024-04-02,רגילה,9040,0.05,
2024-03-16,מיקו סטקיית ירושלים בעמ,39.0,2024-04-02,רגילה,9040,1,
2024-03-16,"טרמינל טווינטי וואן בע""מ",25.0,2024-04-02,רגילה,9040,,
2024-03-14,נאייקס ישראל חניונים,30.0,2024-04-02,רגילה,9040,,
2024-03-13,חניון רוממה 2 רגיל,22.0,2024-04-02,רגילה,9040,,
2024-03-11,terminal 3,25.0,2024-04-02,רגילה,9040,,
2024-03-11,דלק מנטה יד בנימין,301.35,2024-04-02,רגילה,,,
2024-03-11,מחסני השוק- יד בינימין,16.4,2024-04-02,רגילה,9040,,
2024-03-11,מחסני השוק- יד בינימין,66.5,2024-04-02,רגילה,9040,,
2024-03-11,אילנ'ס קפלן,15.0,2024-04-02,רגילה,9040,,
2024-03-11,PAYPAL *KHOAVUTECHN,2209.85,2024-04-02,רגילה,,,
2024-03-10,CloudwaysLTD,53.83,2024-03-12,רגילה,,,סכום העסקה הוא 14.5 $ עסקה בחיוב מיידי
2024-03-09,Google Storage,8.0,2024-04-02,רגילה,,,
2024-03-07,מחסני השוק- יד בינימין,63.49,2024-04-02,רגילה,9040,,
2024-03-07,RAILWAY,73.88,2024-03-08,רגילה,6225,,סכום העסקה הוא 20.0 $ עסקה בחיוב מיידי
2024-03-07,"יופיי גלפין אחזקות בע""מ",379.0,2024-04-02,רגילה,,,
2024-03-05,APEXTRADERFUNDING,387.88,2024-03-08,רגילה,,,סכום העסקה הוא 105.0 $ עסקה בחיוב מיידי
2024-03-04,פיצה רג'ינה,78.0,2024-04-02,רגילה,9040,,
2024-03-04,OPENAI,36.95,2024-03-06,רגילה,,,סכום העסקה הוא 10.0 $ עסקה בחיוב מיידי
2024-03-04,דמי כרטיס בנק הפועלים מסטר,0.0,2024-04-02,דמי חבר,,,
2024-03-04,PAYPAL *KHOAVUTECHN,2202.09,2024-04-02,רגילה,,,
2024-03-02,"לאסט פרייס בע""מ",327.0,2024-04-02,רגילה,,,
2024-03-02,RAILWAY,41.38,2024-03-04,רגילה,6225,,סכום העסקה הוא 11.28 $ עסקה בחיוב מיידי
2024-02-27,סונול,150.0,2024-03-02,רגילה,9040,,
2024-02-26,יענקל'ס,76.0,2024-03-02,רגילה,9040,,
2024-02-26,PAYPAL *KHOAVUTECHN,2242.71,2024-03-02,רגילה,,,
2024-02-25,APEXTRADERFUNDING,70.21,2024-02-28,רגילה,,,סכום העסקה הוא 18.7 $ עסקה בחיוב מיידי
2024-02-25,APEXTRADERFUNDING,70.21,2024-02-28,רגילה,,,סכום העסקה הוא 18.7 $ עסקה בחיוב מיידי
2024-02-25,APEXTRADERFUNDING,70.21,2024-02-28,רגילה,,,סכום העסקה הוא 18.7 $ עסקה בחיוב מיידי
2024-02-25,APEXTRADERFUNDING,70.21,2024-02-28,רגילה,,,סכום העסקה הוא 18.7 $ עסקה בחיוב מיידי
2024-02-25,APEXTRADERFUNDING,70.21,2024-02-28,רגילה,,,סכום העסקה הוא 18.7 $ עסקה בחיוב מיידי
2024-02-25,APEXTRADERFUNDING,70.21,2024-02-28,רגילה,,,סכום העסקה הוא 18.7 $ עסקה בחיוב מיידי
2024-02-25,APEXTRADERFUNDING,70.21,2024-02-28,רגילה,,,סכום העסקה הוא 18.7 $ עסקה בחיוב מיידי
2024-02-25,APEXTRADERFUNDING,70.21,2024-02-28,רגילה,,,סכום העסקה הוא 18.7 $ עסקה בחיוב מיידי
2024-02-23,APEXTRADERFUNDING,598.62,2024-02-26,רגילה,,,סכום העסקה הוא 160.0 $ עסקה בחיוב מיידי
2024-02-23,APEXTRADERFUNDING,69.96,2024-02-26,רגילה,,,סכום העסקה הוא 18.7 $ עסקה בחיוב מיידי
2024-02-23,APEXTRADERFUNDING,69.96,2024-02-26,רגילה,,,סכום העסקה הוא 18.7 $ עסקה בחיוב מיידי
2024-02-23,APEXTRADERFUNDING,69.96,2024-02-26,רגילה,,,סכום העסקה הוא 18.7 $ עסקה בחיוב מיידי
2024-02-23,APEXTRADERFUNDING,69.96,2024-02-26,רגילה,,,סכום העסקה הוא 18.7 $ עסקה בחיוב מיידי
2024-02-22,APEXTRADERFUNDING,69.96,2024-02-25,רגילה,,,סכום העסקה הוא 18.7 $ עסקה בחיוב מיידי
2024-02-22,APEXTRADERFUNDING,69.96,2024-02-25,רגילה,,,סכום העסקה הוא 18.7 $ עסקה בחיוב מיידי
2024-02-22,קיי.אס .פי מחשבים-גמא,99.0,2024-03-02,רגילה,,,
2024-02-21,אינטרספייס-טרנזילה שירותים,30.96,2024-03-02,רגילה,,,
2024-02-21,NAME-CHEAP.COM* YFHISQ,39.6,2024-02-22,רגילה,6462,,סכום העסקה הוא 10.46 $ עסקה בחיוב מיידי
2024-02-20,מחסני השוק- יד בינימין,20.95,2024-03-02,רגילה,9040,,
2024-02-20,יענקל'ס,38.0,2024-03-02,רגילה,9040,,
2024-02-20,APEXTRADERFUNDING,203.23,2024-02-23,רגילה,,,סכום העסקה הוא 54.23 $ עסקה בחיוב מיידי
2024-02-19,PAYPAL *KHOAVUTECHN,2237.78,2024-03-02,רגילה,,,
2024-02-18,בי אג?נט אונליין בע?מ,540.0,2024-03-02,רגילה,,,
2024-02-18,דרך החומוס,40.0,2024-03-02,רגילה,9040,,
2024-02-15,"סאקוני- חנות ביל""ו-צמרת",800.0,2024-03-02,רגילה,9040,,
2024-02-15,סקארה -בילו,34.9,2024-03-02,רגילה,9040,,
2024-02-15,צמיגי 2000,800.0,2024-03-02,רגילה,9040,,
2024-02-14,APEXTRADERFUNDING,201.39,2024-02-18,רגילה,,,סכום העסקה הוא 54.23 $ עסקה בחיוב מיידי
2024-02-14,אבולעפיה אשדוד,50.0,2024-03-02,רגילה,9040,,
2024-02-13,באולינג פארק,36.0,2024-03-02,רגילה,9040,,
2024-02-13,"דלק מנטה קמעונאות דרכים בע""מ",150.0,2024-03-02,רגילה,,,
2024-02-13,APEXTRADERFUNDING,139.58,2024-02-18,רגילה,,,סכום העסקה הוא 37.4 $ עסקה בחיוב מיידי
2024-02-13,APEXTRADERFUNDING,139.58,2024-02-18,רגילה,,,סכום העסקה הוא 37.4 $ עסקה בחיוב מיידי
2024-02-12,APEXTRADERFUNDING,140.89,2024-02-15,רגילה,,,סכום העסקה הוא 37.4 $ עסקה בחיוב מיידי
2024-02-12,APEXTRADERFUNDING,140.89,2024-02-15,רגילה,,,סכום העסקה הוא 37.4 $ עסקה בחיוב מיידי
2024-02-11,סופר פארם גדרה 146,79.6,2024-03-02,רגילה,9040,,
2024-02-11,PAYPAL *KHOAVUTECHN,2274.83,2024-03-02,רגילה,,,
2024-02-09,CloudwaysLTD,54.97,2024-02-11,רגילה,,,סכום העסקה הוא 14.5 $ עסקה בחיוב מיידי
2024-02-09,Google Storage,8.0,2024-03-02,רגילה,,,
2024-02-08,פרי ושייק,20.0,2024-03-02,רגילה,9040,,
2024-02-08,פרי ושייק,20.0,2024-03-02,רגילה,9040,,
2024-02-07,APEXTRADERFUNDING,141.78,2024-02-11,רגילה,,,סכום העסקה הוא 37.4 $ עסקה בחיוב מיידי
2024-02-07,APEXTRADERFUNDING,141.78,2024-02-11,רגילה,,,סכום העסקה הוא 37.4 $ עסקה בחיוב מיידי
2024-02-07,"יופיי גלפין אחזקות בע""מ",379.0,2024-03-02,רגילה,,,
2024-02-04,מחסני השוק- יד בינימין,79.17,2024-03-02,רגילה,9040,,
2024-02-04,דמי כרטיס בנק הפועלים מסטר,0.0,2024-03-02,דמי חבר,,,
2024-02-04,PAYPAL *UDEMY,67.9,2024-03-02,רגילה,,,
2024-02-04,PAYPAL *KHOAVUTECHN,2331.65,2024-03-02,רגילה,,,
2024-02-03,I-FAL אנגלית DOLEAD /,239.0,2024-03-02,הוראת קבע,,,
2024-02-02,RAILWAY.APP,18.75,2024-02-04,רגילה,6225,,סכום העסקה הוא 5.0 $ עסקה בחיוב מיידי
2024-02-01,BIT,700.0,2024-03-02,רגילה,,,
2024-02-01,APEX TRADER FUNDING,203.34,2024-02-04,רגילה,,,סכום העסקה הוא 54.23 $ עסקה בחיוב מיידי
2024-01-29,APEXTRADERFUNDING,124.93,2024-02-01,רגילה,,,סכום העסקה הוא 33.4 $ עסקה בחיוב מיידי
2024-01-29,PAYPAL *KHOAVUTECHN,2285.35,2024-02-02,רגילה,,,
2024-01-27,BIT,10.0,2024-02-02,רגילה,,,
2024-01-25,"סנדוויץ' שרי ישראל בע""מ",45.0,2024-02-02,רגילה,9040,,
2024-01-23,קהילת מעלות חברון קרית אר,200.0,2024-02-02,רגילה,,,
2024-01-21,דוויני,58.0,2024-02-02,רגילה,9040,,
2024-01-21,PAYPAL *KHOAVUTECHN,2313.91,2024-02-02,רגילה,,,
2024-01-20,ביי-מי שוברי מתנה,156.0,2024-02-02,רגילה,,,
2024-01-19,Bright Data Ltd,38.6,2024-01-21,רגילה,1564,,סכום העסקה הוא 10.0 $ עסקה בחיוב מיידי
2024-01-18,בי אג?נט אונליין בע?מ,540.0,2024-02-02,רגילה,,,
2024-01-18,PAYPAL *PATREONIREL M,21.19,2024-02-02,הוראת קבע,,,
2024-01-15,יענקל'ס,38.0,2024-02-02,רגילה,9040,,
2024-01-14,PAYPAL *KHOAVUTECHN,2304.62,2024-02-02,רגילה,,,
2024-01-12,BIT,100.0,2024-02-02,רגילה,,,
2024-01-11,CloudwaysLTD,55.73,2024-01-12,רגילה,,,סכום העסקה הוא 14.5 $ עסקה בחיוב מיידי
2024-01-10,מחסני השוק- יד בינימין,53.25,2024-02-02,רגילה,9040,,
2024-01-10,APEXTRADERFUNDING,613.78,2024-01-14,רגילה,,,סכום העסקה הוא 160.0 $ עסקה בחיוב מיידי
2024-01-09,GlobalE,708.14,2024-02-02,רגילה,,,
2024-01-09,מחסני השוק- יד בינימין,29.61,2024-02-02,רגילה,9040,,
2024-01-09,Google Storage,8.0,2024-02-02,רגילה,,,
2024-01-07,"יופיי גלפין אחזקות בע""מ",379.0,2024-02-02,רגילה,,,
2024-01-07,PAYPAL *KHOAVUTECHN,2278.65,2024-02-02,רגילה,,,
2024-01-07,PAYPAL *ENVATO MKPL,102.54,2024-02-02,רגילה,,,
2024-01-05,PAYBOX,200.0,2024-02-02,רגילה,,,
2024-01-04,דמי כרטיס בנק הפועלים מסטר,0.0,2024-02-02,דמי חבר,,,
2024-01-04,APEXTRADERFUNDING,140.7,2024-01-07,רגילה,,,סכום העסקה הוא 37.4 $ עסקה בחיוב מיידי
2024-01-04,I-FAL אנגלית DOLEAD /,239.0,2024-02-02,הוראת קבע,,,
2024-01-03,יענקל'ס,38.0,2024-02-02,רגילה,9040,,
2024-01-02,APEXTRADERFUNDING,140.39,2024-01-05,רגילה,,,סכום העסקה הוא 37.4 $ עסקה בחיוב מיידי
2024-01-01,Google ImageLine,64.0,2024-02-02,רגילה,,,
2023-12-31,דרך החומוס,30.0,2024-01-02,רגילה,9040,,
2023-12-26,יענקל'ס,38.0,2024-01-02,רגילה,9040,,
2023-12-25,מ. התחבורה - פנגו מוביט,5.5,2024-01-02,הוראת קבע,,,
2023-12-22,מנטנטן,80.0,2024-01-02,רגילה,9040,,
2023-12-22,טוני ווספה,27.0,2024-01-02,רגילה,9040,,
2023-12-21,דרך החומוס,30.0,2024-01-02,רגילה,9040,,
2023-12-21,טבלה מסעדה,33.0,2024-01-02,רגילה,9040,,
2023-12-20,ביג טיים,20.0,2024-01-02,רגילה,9040,,
2023-12-19,NAME-CHEAP.COM* BQ01I5,39.26,2023-12-22,רגילה,6462,,סכום העסקה הוא 10.46 $ עסקה בחיוב מיידי
2023-12-19,PAYPAL *LANGESH,377.29,2024-01-02,רגילה,,,
2023-12-18,יענקל'ס,38.0,2024-01-02,רגילה,9040,,
2023-12-18,בי אג?נט אונליין בע?מ,540.0,2024-01-02,רגילה,,,
2023-12-18,PAYPAL *PATREONIREL M,20.77,2024-01-02,הוראת קבע,,,
2023-12-18,PAYPAL *LANGESH,377.54,2024-01-02,רגילה,,,
2023-12-17,בטחון פנים - כלי ירייה,195.0,2024-01-02,רגילה,,,
2023-12-17,PAYPAL *LANGESH,377.54,2024-01-02,רגילה,,,
2023-12-15,דלק גל הראשונים אשדוד-צמרת,22.9,2024-01-02,רגילה,9040,,
2023-12-15,"דלק מנטה קמעונאות דרכים בע""מ",150.0,2024-01-02,רגילה,,,
2023-12-14,מחסני השוק- יד בינימין,37.4,2024-01-02,רגילה,9040,,
2023-12-14,PAYPAL *LANGESH,380.79,2024-01-02,רגילה,,,
2023-12-13,מחסני השוק- יד בינימין,49.54,2024-01-02,רגילה,9040,,
2023-12-12,PAYBOX,200.0,2024-01-02,רגילה,,,
2023-12-12,CloudwaysLTD,55.32,2023-12-13,רגילה,,,סכום העסקה הוא 14.5 $ עסקה בחיוב מיידי
2023-12-09,Google Storage,8.0,2024-01-02,רגילה,,,
2023-12-04,סמוק בורגר,112.0,2024-01-02,רגילה,9040,,
2023-12-04,דמי כרטיס בנק הפועלים מסטר,0.0,2024-01-02,דמי חבר,,,
2023-11-28,APEXTRADERFUNDING,71.47,2023-12-01,רגילה,,,סכום העסקה הוא 18.7 $ עסקה בחיוב מיידי
2023-11-26,מ. התחבורה - פנגו מוביט,146.5,2023-12-02,הוראת קבע,,,
2023-11-25,PAYPAL *UDEMY,53.9,2023-12-02,רגילה,,,
2023-11-21,PAYPAL *Product,483.16,2023-12-02,הוראת קבע,,,
2023-11-20,בי אג?נט אונליין בע?מ,300.0,2023-12-02,רגילה,,,
2023-11-18,בי אג?נט אונליין בע?מ,540.0,2023-12-02,רגילה,,,
2023-11-18,PAYPAL * Membership,21.01,2023-12-02,הוראת קבע,,,
2023-11-17,APEXTRADERFUNDING,71.74,2023-11-20,רגילה,,,סכום העסקה הוא 18.7 $ עסקה בחיוב מיידי
2023-11-17,APEXTRADERFUNDING,71.74,2023-11-20,רגילה,,,סכום העסקה הוא 18.7 $ עסקה בחיוב מיידי
2023-11-16,בי אג?נט אונליין בע?מ,50.0,2023-12-02,רגילה,,,
2023-11-16,מחסני השוק- יד בינימין,191.1,2023-12-02,רגילה,9040,,
2023-11-16,"דפוס מלאכי בע""מ",351.0,2023-12-02,רגילה,,,
2023-11-15,CloudwaysLTD,56.38,2023-11-17,רגילה,,,סכום העסקה הוא 14.5 $ עסקה בחיוב מיידי
2023-11-15,APEXTRADERFUNDING,575.42,2023-11-19,רגילה,,,סכום העסקה הוא 150.0 $ עסקה בחיוב מיידי
2023-11-14,צומת ספרים תחנה מרכזית חדשה,25.0,2023-12-02,רגילה,9040,,
2023-11-09,NAME-CHEAP.COM* SKP6QF,41.48,2023-11-10,רגילה,,,סכום העסקה הוא 10.46 $ עסקה בחיוב מיידי
2023-11-09,Google Storage,8.0,2023-12-02,רגילה,,,
2023-11-07,APEXTRADERFUNDING,66.23,2023-11-10,רגילה,,,סכום העסקה הוא 16.7 $ עסקה בחיוב מיידי
2023-11-06,APEXTRADERFUNDING,66.12,2023-11-09,רגילה,,,סכום העסקה הוא 16.7 $ עסקה בחיוב מיידי
2023-11-05,בונז'ור,12.0,2023-12-02,רגילה,9040,,
2023-11-05,בונז'ור,6.0,2023-12-02,רגילה,9040,,
2023-11-02,דרך החומוס,26.0,2023-12-02,רגילה,9040,,
2023-11-02,APEXTRADERFUNDING,68.53,2023-11-05,רגילה,,,סכום העסקה הוא 16.7 $ עסקה בחיוב מיידי
2023-10-31,Google Boo,21.4,2023-11-02,רגילה,,,
2023-10-26,APEXTRADERFUNDING,70.13,2023-10-29,רגילה,,,סכום העסקה הוא 16.7 $ עסקה בחיוב מיידי
2023-10-25,aliexpress,54.98,2023-10-26,רגילה,3885,,סכום העסקה הוא 13.15 $ עסקה בחיוב מיידי
2023-10-23,APEXTRADERFUNDING,202.48,2023-10-26,רגילה,,,סכום העסקה הוא 48.43 $ עסקה בחיוב מיידי
2023-10-19,בר וטבע,28.0,2023-11-02,רגילה,9040,,
2023-10-19,מחסני השוק- יד בינימין,211.41,2023-11-02,רגילה,9040,,
2023-10-18,בי אג?נט אונליין בע?מ,540.0,2023-11-02,רגילה,,,
2023-10-18,PAYPAL *PATREONIREL M,21.91,2023-11-02,הוראת קבע,,,
2023-10-14,APEXTRADERFUNDING,153.55,2023-10-17,רגילה,,,סכום העסקה הוא 37.4 $ עסקה בחיוב מיידי
2023-10-14,CloudwaysLTD,59.22,2023-10-17,רגילה,,,סכום העסקה הוא 14.5 $ עסקה בחיוב מיידי
2023-10-09,Google Storage,8.0,2023-11-02,רגילה,,,
2023-10-08,"העברה ב BIT בנה""פ",180.0,2023-11-02,רגילה,,,
2023-10-08,מחסני השוק- יד בינימין,154.26,2023-11-02,רגילה,9040,,
2023-10-06,BE AGENT TRAVEL,462.53,2023-11-02,רגילה,,,
2023-10-06,BE AGENT TRAVEL,-462.53,2023-11-02,השבת מכירה,,,
2023-10-05,APEXTRADERFUNDING,74.33,2023-10-08,רגילה,,,סכום העסקה הוא 18.7 $ עסקה בחיוב מיידי
2023-10-05,PAYPAL *SHANIJACOBI,176.0,2023-11-02,רגילה,,,
2023-10-04,מחסני השוק- יד בינימין,71.9,2023-11-02,רגילה,9040,,
2023-10-04,WWW.ALIEXPRESS.COM,50.83,2023-10-06,רגילה,,,סכום העסקה הוא 12.8 $ עסקה בחיוב מיידי
2023-10-03,קלין אנד פארק,20.0,2023-11-02,רגילה,9040,,
2023-10-03,סטופמרקט ראשון לציון,18.43,2023-11-02,רגילה,9040,,
2023-10-03,street.game,20.0,2023-11-02,רגילה,9040,,
2023-10-03,אוטלו,21.0,2023-11-02,רגילה,9040,,
2023-09-21,דרך החומוס,34.0,2023-10-02,רגילה,9040,,
2023-09-21,פאנס במושבה,19.4,2023-10-02,רגילה,9040,,
2023-09-20,aliexpress,66.99,2023-09-22,רגילה,1933,,סכום העסקה הוא 17.11 $ עסקה בחיוב מיידי
2023-09-18,בי אג?נט אונליין בע?מ,600.0,,תשלומים,,,עסקה ב-3 תשלומים
2023-09-18,בי אג?נט אונליין בע?מ,600.0,,תשלומים,,,עסקה ב-3 תשלומים
2023-09-18,בי אג?נט אונליין בע?מ,600.0,,תשלומים,,,עסקה ב-3 תשלומים
2023-09-18,"אופק הפצה ושיווק בע""מ",30.0,2023-10-02,רגילה,9040,,
2023-09-18,PAYPAL *PATREONIREL M,20.96,2023-10-02,הוראת קבע,,,
2023-09-15,CloudwaysLTD,40.63,2023-09-18,רגילה,,,סכום העסקה הוא 10.32 $ עסקה בחיוב מיידי
2023-09-15,מחסני השוק- יד בינימין,36.0,2023-10-02,רגילה,9040,,
2023-09-15,בר וטבע,10.15,2023-10-02,רגילה,9040,,
2023-09-15,PAYPAL *iloralon55,100.0,2023-10-02,רגילה,,,
2023-09-14,הקצבים,50.0,2023-10-02,רגילה,9040,,
2023-09-14,עלמא מרקיה,25.0,2023-10-02,רגילה,9040,,
2023-09-14,חפציבה ספרים ומכשירי כתיב,10.0,2023-10-02,רגילה,9040,,
2023-09-14,APEXTRADERFUNDING,147.24,2023-09-18,רגילה,,,סכום העסקה הוא 37.4 $ עסקה בחיוב מיידי
2023-09-10,חומוס אליהו,33.0,2023-10-02,רגילה,9040,,
2023-09-09,Google Storage,8.0,2023-10-02,רגילה,,,
2023-09-08,מחסני השוק- יד בינימין,49.67,2023-10-02,רגילה,9040,,
2023-09-06,מחסני השוק- יד בינימין,13.9,2023-10-02,רגילה,9040,,
2023-09-06,מפגש 6,20.0,2023-10-02,רגילה,9040,,
2023-09-05,APEXTRADERFUNDING,148.09,2023-09-08,רגילה,,,סכום העסקה הוא 37.4 $ עסקה בחיוב מיידי
2023-09-04,WWW.ALIEXPRESS.COM,61.3,2023-09-06,רגילה,3885,,סכום העסקה הוא 15.71 $ עסקה בחיוב מיידי
2023-09-02,aliexpress,66.5,2023-09-04,רגילה,3885,,סכום העסקה הוא 17.03 $ עסקה בחיוב מיידי
2023-09-02,aliexpress,109.89,2023-09-03,רגילה,,,סכום העסקה הוא 28.14 $ עסקה בחיוב מיידי
2023-09-01,"דראמר המרכז למוסיקה בע""מ-צמרת",88.0,2023-10-02,רגילה,9040,,
2023-09-01,PAYPAL *iloralon55,580.0,2023-10-02,רגילה,,,
2023-08-31,מסעדת באבי ירושלים,50.0,2023-09-02,רגילה,9040,,
2023-08-31,טיקצ'אק כרטיסים 6565*,79.0,2023-10-02,רגילה,,,
2023-08-28,דרך החומוס,84.0,2023-09-02,רגילה,9040,,
2023-08-28,אקס שירותי אינטרנט,9.0,2023-09-02,רגילה,,,
2023-08-27,טיקצ'אק כרטיסים 6565*,40.0,2023-09-02,רגילה,,,
2023-08-26,מ. התחבורה - פנגו מוביט,10.2,2023-09-02,הוראת קבע,,,
2023-08-23,מחסני השוק- יד בינימין,24.8,2023-09-02,רגילה,9040,,
2023-08-20,בורגר טאץ שוורמה,46.0,2023-09-02,רגילה,9040,,
2023-08-20,BIT,45.0,2023-09-02,רגילה,,,
2023-08-19,BKG*HOTEL AT BOOKING.C,32.75,2023-08-22,רגילה,,,סכום העסקה הוא 8.39 $ עסקה בחיוב מיידי
2023-08-18,iDive,70.0,2023-09-02,רגילה,,,
2023-08-17,Hotel at Booking.com,98.94,2023-08-20,רגילה,,,סכום העסקה הוא 25.35 $ עסקה בחיוב מיידי
2023-08-10,פיורי ירושלים,71.0,2023-09-02,רגילה,9040,,
2023-08-10,"חייל מצטיין בע""מ",42.78,2023-09-02,רגילה,9040,3.22,
2023-08-10,APEXTRADERFUNDING,71.64,2023-08-13,רגילה,,,סכום העסקה הוא 18.7 $ עסקה בחיוב מיידי
2023-08-09,Google Storage,8.0,2023-09-02,רגילה,,,
2023-08-08,ELEMENTOR,239.0,2023-09-02,רגילה,,,
2023-08-07,"איי.טי.איי 33 בע""מ",42.0,2023-09-02,רגילה,9040,,
2023-08-07,מיקו סטקיית ירושלים בעמ,39.0,2023-09-02,רגילה,9040,1,
2023-08-07,פאוור קופיוורקס,51.0,2023-09-02,רגילה,9040,,
2023-08-02,פלאפל שווארמה הכרם,24.0,2023-09-02,רגילה,9040,,
2023-08-02,סונול מצדה,13.9,2023-09-02,רגילה,9040,,
2023-07-31,ללין נרות וסבונים - אנרג'י פארק,104.86,2023-08-02,רגילה,9040,,
2023-07-30,BIT,120.0,2023-08-02,רגילה,,,
2023-07-28,דרך החומוס,31.0,2023-08-02,רגילה,9040,,
2023-07-27,RAKETRADESLLC.COM,378.24,2023-07-30,רגילה,,,סכום העסקה הוא 99.0 $ עסקה בחיוב מיידי
2023-07-26,מ. התחבורה - פנגו מוביט,137.0,2023-08-02,הוראת קבע,,,
2023-07-25,מחסני השוק- יד בינימין,5.09,2023-08-02,רגילה,9040,,
2023-07-23,מחסני השוק- יד בינימין,56.52,2023-08-02,רגילה,9040,,
2023-07-20,חייל מצטיין בעמ,70.04,2023-08-02,רגילה,,,
2023-07-20,שווארמה עומר,48.0,2023-08-02,רגילה,9040,,
2023-07-19,בייקרי אילת,33.11,2023-08-02,רגילה,9040,,
2023-07-18,השמן אילת,54.0,2023-08-02,רגילה,9040,,
2023-07-18,סופרמרקט הגשר,50.0,2023-08-02,רגילה,9040,,
2023-07-17,מסעדת מלודי,19.2,2023-08-02,רגילה,9040,,
2023-07-17,סופרמרקט הגשר,10.0,2023-08-02,רגילה,9040,,
2023-07-17,דובילה,48.0,2023-08-02,רגילה,9040,,
2023-07-17,"אברהם הוסטל אילת בע""מ",391.0,2023-08-02,רגילה,,,
2023-07-13,"ממתקי הקריה בע""מ",8.8,2023-08-02,רגילה,9040,,
2023-06-28,חשבון לשרותי סלקום,24.9,2023-07-02,הוראת קבע,,,
